rWzuv@ya.ru,CREATE,2024-09-30 10:37:49
FwyWydW@ya.ru,READ,2024-09-30 10:53:18
lttpbbglppCoz@mail.ru,DELETE,2024-09-30 14:13:56
FbqEaZSs@mail.ru,UPDATE,2024-09-30 07:21:33
AuzzqyK@gmail.com,UPDATE,2024-09-30 10:50:49
AuzzqyK@gmail.com,CREATE,2024-09-30 04:11:57
olZzwiyQfsF@gmail.com,READ,2024-09-30 12:49:01
FwyWydW@ya.ru,UPDATE,2024-09-30 21:44:49
olZzwiyQfsF@gmail.com,UPDATE,2024-09-30 11:19:50
mpBkj@mail.ru,CREATE,2024-09-30 12:01:43
rWzuv@ya.ru,CREATE,2024-09-30 04:32:16
mpBkj@mail.ru,CREATE,2024-09-30 22:15:18
tfbgqZydUr@mail.ru,UPDATE,2024-09-30 14:27:51
FwyWydW@ya.ru,READ,2024-09-30 03:55:50
FwyWydW@ya.ru,DELETE,2024-09-30 05:42:18
mpBkj@mail.ru,CREATE,2024-09-30 22:54:38
AuzzqyK@gmail.com,READ,2024-09-30 04:04:51
JrnATzjYrY@mail.ru,UPDATE,2024-09-30 04:53:59
mpBkj@mail.ru,READ,2024-09-30 11:13:21
rWzuv@ya.ru,DELETE,2024-09-30 03:01:43
AuzzqyK@gmail.com,DELETE,2024-09-30 02:30:34
JrnATzjYrY@mail.ru,UPDATE,2024-09-30 05:29:46
lttpbbglppCoz@mail.ru,READ,2024-09-30 14:51:57
JrnATzjYrY@mail.ru,DELETE,2024-09-30 07:24:25
JrnATzjYrY@mail.ru,UPDATE,2024-09-30 09:59:10
gMFZtttZBg@gmail.com,UPDATE,2024-09-30 06:24:12
lttpbbglppCoz@mail.ru,READ,2024-09-30 01:14:46
FbqEaZSs@mail.ru,READ,2024-09-30 08:06:09
mpBkj@mail.ru,CREATE,2024-09-30 03:25:20
AuzzqyK@gmail.com,UPDATE,2024-09-30 16:05:54
JrnATzjYrY@mail.ru,DELETE,2024-09-30 13:01:21
FwyWydW@ya.ru,CREATE,2024-09-30 09:29:21
JrnATzjYrY@mail.ru,READ,2024-09-30 15:11:36
AuzzqyK@gmail.com,READ,2024-09-30 03:27:20
lttpbbglppCoz@mail.ru,DELETE,2024-09-30 05:06:22
JrnATzjYrY@mail.ru,UPDATE,2024-09-30 16:59:44
JrnATzjYrY@mail.ru,READ,2024-09-30 23:14:41
lttpbbglppCoz@mail.ru,DELETE,2024-09-30 02:05:04
olZzwiyQfsF@gmail.com,READ,2024-09-30 02:10:13
gMFZtttZBg@gmail.com,DELETE,2024-09-30 12:57:50
rWzuv@ya.ru,DELETE,2024-09-30 04:09:47
FwyWydW@ya.ru,CREATE,2024-09-30 08:24:24
mpBkj@mail.ru,UPDATE,2024-09-30 15:47:42
FwyWydW@ya.ru,CREATE,2024-09-30 16:42:12
rWzuv@ya.ru,UPDATE,2024-09-30 03:42:36
mpBkj@mail.ru,READ,2024-09-30 00:12:31
olZzwiyQfsF@gmail.com,UPDATE,2024-09-30 21:17:09
lttpbbglppCoz@mail.ru,UPDATE,2024-09-30 04:42:17
gMFZtttZBg@gmail.com,READ,2024-09-30 14:27:31
mpBkj@mail.ru,READ,2024-09-30 22:50:35
tfbgqZydUr@mail.ru,UPDATE,2024-09-30 15:26:56
lttpbbglppCoz@mail.ru,READ,2024-09-30 17:57:16
olZzwiyQfsF@gmail.com,CREATE,2024-09-30 06:13:54
mpBkj@mail.ru,READ,2024-09-30 14:14:52
FwyWydW@ya.ru,READ,2024-09-30 08:06:51
FwyWydW@ya.ru,CREATE,2024-09-30 21:53:13
lttpbbglppCoz@mail.ru,UPDATE,2024-09-30 04:56:17
tfbgqZydUr@mail.ru,CREATE,2024-09-30 09:45:39
AuzzqyK@gmail.com,DELETE,2024-09-30 01:00:41
tfbgqZydUr@mail.ru,UPDATE,2024-09-30 00:14:52
AuzzqyK@gmail.com,DELETE,2024-09-30 00:56:56
FwyWydW@ya.ru,CREATE,2024-09-30 18:22:12
FbqEaZSs@mail.ru,DELETE,2024-09-30 02:15:55
olZzwiyQfsF@gmail.com,READ,2024-09-30 09:06:50
AuzzqyK@gmail.com,UPDATE,2024-09-30 13:44:50
lttpbbglppCoz@mail.ru,READ,2024-09-30 10:36:39
mpBkj@mail.ru,CREATE,2024-09-30 20:43:28
gMFZtttZBg@gmail.com,UPDATE,2024-09-30 14:30:22
tfbgqZydUr@mail.ru,UPDATE,2024-09-30 19:38:12
FbqEaZSs@mail.ru,DELETE,2024-09-30 11:53:27
FwyWydW@ya.ru,CREATE,2024-09-30 22:45:38
tfbgqZydUr@mail.ru,READ,2024-09-30 17:17:30
FbqEaZSs@mail.ru,READ,2024-09-30 13:40:22
JrnATzjYrY@mail.ru,DELETE,2024-09-30 23:56:36
FwyWydW@ya.ru,CREATE,2024-09-30 22:02:06
tfbgqZydUr@mail.ru,CREATE,2024-09-30 23:42:55
lttpbbglppCoz@mail.ru,CREATE,2024-09-30 10:24:15
FwyWydW@ya.ru,READ,2024-09-30 02:09:49
FwyWydW@ya.ru,DELETE,2024-09-30 11:27:21
gMFZtttZBg@gmail.com,UPDATE,2024-09-30 16:06:11
AuzzqyK@gmail.com,READ,2024-09-30 09:28:04
rWzuv@ya.ru,READ,2024-09-30 18:55:36
AuzzqyK@gmail.com,UPDATE,2024-09-30 10:04:56
gMFZtttZBg@gmail.com,CREATE,2024-09-30 06:35:29
olZzwiyQfsF@gmail.com,DELETE,2024-09-30 19:58:41
FwyWydW@ya.ru,UPDATE,2024-09-30 06:50:32
tfbgqZydUr@mail.ru,DELETE,2024-09-30 07:35:45
FbqEaZSs@mail.ru,DELETE,2024-09-30 19:59:11
gMFZtttZBg@gmail.com,CREATE,2024-09-30 11:15:20
gMFZtttZBg@gmail.com,UPDATE,2024-09-30 11:02:40
AuzzqyK@gmail.com,UPDATE,2024-09-30 20:02:41
JrnATzjYrY@mail.ru,CREATE,2024-09-30 03:49:37
olZzwiyQfsF@gmail.com,CREATE,2024-09-30 10:01:43
FwyWydW@ya.ru,CREATE,2024-09-30 09:52:41
JrnATzjYrY@mail.ru,DELETE,2024-09-30 01:17:26
FbqEaZSs@mail.ru,UPDATE,2024-09-30 06:57:59
rWzuv@ya.ru,UPDATE,2024-09-30 03:03:31
rWzuv@ya.ru,CREATE,2024-09-30 07:30:13
olZzwiyQfsF@gmail.com,DELETE,2024-09-30 23:29:27
gMFZtttZBg@gmail.com,DELETE,2024-09-30 00:22:45
lttpbbglppCoz@mail.ru,UPDATE,2024-09-30 19:45:14
olZzwiyQfsF@gmail.com,DELETE,2024-09-30 15:41:59
gMFZtttZBg@gmail.com,CREATE,2024-09-30 18:07:50
rWzuv@ya.ru,DELETE,2024-09-30 11:09:57
tfbgqZydUr@mail.ru,CREATE,2024-09-30 23:51:37
AuzzqyK@gmail.com,DELETE,2024-09-30 18:04:11
gMFZtttZBg@gmail.com,READ,2024-09-30 03:04:31
AuzzqyK@gmail.com,DELETE,2024-09-30 13:13:13
JrnATzjYrY@mail.ru,DELETE,2024-09-30 06:28:47
lttpbbglppCoz@mail.ru,DELETE,2024-09-30 23:59:59
JrnATzjYrY@mail.ru,UPDATE,2024-09-30 10:39:55
FbqEaZSs@mail.ru,READ,2024-09-30 15:16:44
gMFZtttZBg@gmail.com,READ,2024-09-30 19:40:48
FbqEaZSs@mail.ru,CREATE,2024-09-30 02:35:43
gMFZtttZBg@gmail.com,CREATE,2024-09-30 20:49:17
tfbgqZydUr@mail.ru,READ,2024-09-30 10:19:37
AuzzqyK@gmail.com,READ,2024-09-30 15:35:28
tfbgqZydUr@mail.ru,UPDATE,2024-09-30 10:38:38
AuzzqyK@gmail.com,READ,2024-09-30 15:23:22
mpBkj@mail.ru,UPDATE,2024-09-30 21:16:00
AuzzqyK@gmail.com,UPDATE,2024-09-30 17:56:58
rWzuv@ya.ru,READ,2024-09-30 15:54:37
FbqEaZSs@mail.ru,UPDATE,2024-09-30 11:08:46
FbqEaZSs@mail.ru,CREATE,2024-09-30 03:19:26
mpBkj@mail.ru,DELETE,2024-09-30 19:15:51
tfbgqZydUr@mail.ru,DELETE,2024-09-30 19:31:18
lttpbbglppCoz@mail.ru,DELETE,2024-09-30 16:37:21
gMFZtttZBg@gmail.com,READ,2024-09-30 12:52:00
mpBkj@mail.ru,UPDATE,2024-09-30 12:31:19
lttpbbglppCoz@mail.ru,UPDATE,2024-09-30 06:38:27
AuzzqyK@gmail.com,CREATE,2024-09-30 19:23:04
FwyWydW@ya.ru,UPDATE,2024-09-30 18:07:14
lttpbbglppCoz@mail.ru,CREATE,2024-09-30 15:25:06
gMFZtttZBg@gmail.com,READ,2024-09-30 00:33:58
olZzwiyQfsF@gmail.com,UPDATE,2024-09-30 05:38:15
rWzuv@ya.ru,READ,2024-09-30 13:49:02
AuzzqyK@gmail.com,READ,2024-09-30 23:36:15
JrnATzjYrY@mail.ru,READ,2024-09-30 04:14:34
olZzwiyQfsF@gmail.com,READ,2024-09-30 05:46:02
FwyWydW@ya.ru,READ,2024-09-30 10:41:08
rWzuv@ya.ru,READ,2024-09-30 16:42:00
gMFZtttZBg@gmail.com,READ,2024-09-30 08:23:56
AuzzqyK@gmail.com,READ,2024-09-30 15:22:42
mpBkj@mail.ru,CREATE,2024-09-30 11:02:03
FbqEaZSs@mail.ru,READ,2024-09-30 13:26:48
mpBkj@mail.ru,DELETE,2024-09-30 18:24:16
tfbgqZydUr@mail.ru,READ,2024-09-30 23:40:13
mpBkj@mail.ru,UPDATE,2024-09-30 02:36:11
AuzzqyK@gmail.com,UPDATE,2024-09-30 20:25:42
tfbgqZydUr@mail.ru,UPDATE,2024-09-30 18:16:15